gpu_id,component_type,source,suite_version,resolution,setting,mode,fps,pct_of_top,fetched_at,snapshot_ref
nvidia-gtx-1080-ti,gpu,toms_gpu_hierarchy,2022,1440p,ultra,raster,50.2,34.4,2026-03-03T00:00:00Z,data/raw/benchmarks/toms_legacy_2022_1440p.csv
nvidia-rtx-2060,gpu,toms_gpu_hierarchy,2022,1440p,ultra,raster,40.1,27.4,2026-03-03T00:00:00Z,data/raw/benchmarks/toms_legacy_2022_1440p.csv
nvidia-rtx-2060-super,gpu,toms_gpu_hierarchy,2022,1440p,ultra,raster,48.3,33.1,2026-03-03T00:00:00Z,data/raw/benchmarks/toms_legacy_2022_1440p.csv
nvidia-rtx-2070,gpu,toms_gpu_hierarchy,2022,1440p,ultra,raster,51.8,35.5,2026-03-03T00:00:00Z,data/raw/benchmarks/toms_legacy_2022_1440p.csv
nvidia-rtx-2070-super,gpu,toms_gpu_hierarchy,2022,1440p,ultra,raster,59.8,40.9,2026-03-03T00:00:00Z,data/raw/benchmarks/toms_legacy_2022_1440p.csv
nvidia-rtx-2080,gpu,toms_gpu_hierarchy,2022,1440p,ultra,raster,63.2,43.3,2026-03-03T00:00:00Z,data/raw/benchmarks/toms_legacy_2022_1440p.csv
nvidia-rtx-2080-super,gpu,toms_gpu_hierarchy,2022,1440p,ultra,raster,66.1,45.2,2026-03-03T00:00:00Z,data/raw/benchmarks/toms_legacy_2022_1440p.csv
nvidia-rtx-2080-ti,gpu,toms_gpu_hierarchy,2022,1440p,ultra,raster,75.6,51.7,2026-03-03T00:00:00Z,data/raw/benchmarks/toms_legacy_2022_1440p.csv
nvidia-rtx-3060,gpu,toms_gpu_hierarchy,2022,1440p,ultra,raster,54.0,37.0,2026-03-03T00:00:00Z,data/raw/benchmarks/toms_legacy_2022_1440p.csv
nvidia-rtx-3060-ti,gpu,toms_gpu_hierarchy,2022,1440p,ultra,raster,70.0,47.9,2026-03-03T00:00:00Z,data/raw/benchmarks/toms_legacy_2022_1440p.csv
nvidia-rtx-3070,gpu,toms_gpu_hierarchy,2022,1440p,ultra,raster,77.7,53.2,2026-03-03T00:00:00Z,data/raw/benchmarks/toms_legacy_2022_1440p.csv
nvidia-rtx-3070-ti,gpu,toms_gpu_hierarchy,2022,1440p,ultra,raster,82.8,56.7,2026-03-03T00:00:00Z,data/raw/benchmarks/toms_legacy_2022_1440p.csv
nvidia-rtx-3080,gpu,toms_gpu_hierarchy,2022,1440p,ultra,raster,96.4,66.0,2026-03-03T00:00:00Z,data/raw/benchmarks/toms_legacy_2022_1440p.csv
nvidia-rtx-3080-12gb,gpu,toms_gpu_hierarchy,2022,1440p,ultra,raster,102.3,70.0,2026-03-03T00:00:00Z,data/raw/benchmarks/toms_legacy_2022_1440p.csv
nvidia-rtx-3080-ti,gpu,toms_gpu_hierarchy,2022,1440p,ultra,raster,103.9,71.1,2026-03-03T00:00:00Z,data/raw/benchmarks/toms_legacy_2022_1440p.csv
nvidia-rtx-3090,gpu,toms_gpu_hierarchy,2022,1440p,ultra,raster,106.0,72.6,2026-03-03T00:00:00Z,data/raw/benchmarks/toms_legacy_2022_1440p.csv
nvidia-rtx-3090-ti,gpu,toms_gpu_hierarchy,2022,1440p,ultra,raster,112.7,77.1,2026-03-03T00:00:00Z,data/raw/benchmarks/toms_legacy_2022_1440p.csv
nvidia-rtx-4060,gpu,toms_gpu_hierarchy,2022,1440p,ultra,raster,61.2,41.9,2026-03-03T00:00:00Z,data/raw/benchmarks/toms_legacy_2022_1440p.csv
nvidia-rtx-4060-ti-16gb,gpu,toms_gpu_hierarchy,2022,1440p,ultra,raster,75.7,51.8,2026-03-03T00:00:00Z,data/raw/benchmarks/toms_legacy_2022_1440p.csv
nvidia-rtx-4060-ti-8gb,gpu,toms_gpu_hierarchy,2022,1440p,ultra,raster,75.6,51.7,2026-03-03T00:00:00Z,data/raw/benchmarks/toms_legacy_2022_1440p.csv
nvidia-rtx-4070,gpu,toms_gpu_hierarchy,2022,1440p,ultra,raster,97.8,66.9,2026-03-03T00:00:00Z,data/raw/benchmarks/toms_legacy_2022_1440p.csv
nvidia-rtx-4070-super,gpu,toms_gpu_hierarchy,2022,1440p,ultra,raster,109.8,75.2,2026-03-03T00:00:00Z,data/raw/benchmarks/toms_legacy_2022_1440p.csv
nvidia-rtx-4070-ti,gpu,toms_gpu_hierarchy,2022,1440p,ultra,raster,116.5,79.7,2026-03-03T00:00:00Z,data/raw/benchmarks/toms_legacy_2022_1440p.csv
nvidia-rtx-4070-ti-super,gpu,toms_gpu_hierarchy,2022,1440p,ultra,raster,122.0,83.5,2026-03-03T00:00:00Z,data/raw/benchmarks/toms_legacy_2022_1440p.csv
nvidia-rtx-4080,gpu,toms_gpu_hierarchy,2022,1440p,ultra,raster,130.4,89.3,2026-03-03T00:00:00Z,data/raw/benchmarks/toms_legacy_2022_1440p.csv
nvidia-rtx-4080-super,gpu,toms_gpu_hierarchy,2022,1440p,ultra,raster,133.0,91.0,2026-03-03T00:00:00Z,data/raw/benchmarks/toms_legacy_2022_1440p.csv
nvidia-rtx-4090,gpu,toms_gpu_hierarchy,2022,1440p,ultra,raster,146.1,100.0,2026-03-03T00:00:00Z,data/raw/benchmarks/toms_legacy_2022_1440p.csv
amd-rx-6500-xt,gpu,toms_gpu_hierarchy,2022,1440p,ultra,raster,18.0,12.3,2026-03-06T00:00:00Z,data/raw/benchmarks/toms_legacy_2022_1440p.csv
amd-rx-6600-xt,gpu,toms_gpu_hierarchy,2022,1440p,ultra,raster,52.2,35.7,2026-03-06T00:00:00Z,data/raw/benchmarks/toms_legacy_2022_1440p.csv
amd-rx-6700-10gb,gpu,toms_gpu_hierarchy,2022,1440p,ultra,raster,62.8,43.0,2026-03-03T00:00:00Z,data/raw/benchmarks/toms_legacy_2022_1440p.csv
amd-rx-6700-xt,gpu,toms_gpu_hierarchy,2022,1440p,ultra,raster,73.4,50.2,2026-03-03T00:00:00Z,data/raw/benchmarks/toms_legacy_2022_1440p.csv
amd-rx-6750-xt,gpu,toms_gpu_hierarchy,2022,1440p,ultra,raster,77.2,52.8,2026-03-03T00:00:00Z,data/raw/benchmarks/toms_legacy_2022_1440p.csv
amd-rx-6800,gpu,toms_gpu_hierarchy,2022,1440p,ultra,raster,89.2,61.1,2026-03-03T00:00:00Z,data/raw/benchmarks/toms_legacy_2022_1440p.csv
amd-rx-6800-xt,gpu,toms_gpu_hierarchy,2022,1440p,ultra,raster,99.0,67.8,2026-03-03T00:00:00Z,data/raw/benchmarks/toms_legacy_2022_1440p.csv
amd-rx-6900-xt,gpu,toms_gpu_hierarchy,2022,1440p,ultra,raster,102.1,69.9,2026-03-03T00:00:00Z,data/raw/benchmarks/toms_legacy_2022_1440p.csv
amd-rx-6950-xt,gpu,toms_gpu_hierarchy,2022,1440p,ultra,raster,110.1,75.4,2026-03-03T00:00:00Z,data/raw/benchmarks/toms_legacy_2022_1440p.csv
amd-rx-7600-xt,gpu,toms_gpu_hierarchy,2022,1440p,ultra,raster,65.9,45.1,2026-03-03T00:00:00Z,data/raw/benchmarks/toms_legacy_2022_1440p.csv
amd-rx-7700-xt,gpu,toms_gpu_hierarchy,2022,1440p,ultra,raster,92.7,63.4,2026-03-03T00:00:00Z,data/raw/benchmarks/toms_legacy_2022_1440p.csv
amd-rx-7900-gre,gpu,toms_gpu_hierarchy,2022,1440p,ultra,raster,113.9,78.0,2026-03-03T00:00:00Z,data/raw/benchmarks/toms_legacy_2022_1440p.csv
amd-rx-7800-xt,gpu,toms_gpu_hierarchy,2022,1440p,ultra,raster,105.8,72.4,2026-03-03T00:00:00Z,data/raw/benchmarks/toms_legacy_2022_1440p.csv
amd-rx-7900-xt,gpu,toms_gpu_hierarchy,2022,1440p,ultra,raster,125.9,86.2,2026-03-03T00:00:00Z,data/raw/benchmarks/toms_legacy_2022_1440p.csv
amd-rx-7900-xtx,gpu,toms_gpu_hierarchy,2022,1440p,ultra,raster,135.3,92.6,2026-03-03T00:00:00Z,data/raw/benchmarks/toms_legacy_2022_1440p.csv
nvidia-rtx-4060,gpu,toms_gpu_hierarchy,2026-03,1440p,ultra,raster,38.9,27.2,2026-03-03T00:00:00Z,data/raw/benchmarks/toms_modern_2026_1440p.csv
nvidia-rtx-4060-ti-16gb,gpu,toms_gpu_hierarchy,2026-03,1440p,ultra,raster,52.5,36.7,2026-03-03T00:00:00Z,data/raw/benchmarks/toms_modern_2026_1440p.csv
nvidia-rtx-4060-ti-8gb,gpu,toms_gpu_hierarchy,2026-03,1440p,ultra,raster,49.3,34.5,2026-03-03T00:00:00Z,data/raw/benchmarks/toms_modern_2026_1440p.csv
nvidia-rtx-4070,gpu,toms_gpu_hierarchy,2026-03,1440p,ultra,raster,68.3,47.8,2026-03-03T00:00:00Z,data/raw/benchmarks/toms_modern_2026_1440p.csv
nvidia-rtx-4070-super,gpu,toms_gpu_hierarchy,2026-03,1440p,ultra,raster,79.7,55.7,2026-03-03T00:00:00Z,data/raw/benchmarks/toms_modern_2026_1440p.csv
nvidia-rtx-4070-ti,gpu,toms_gpu_hierarchy,2026-03,1440p,ultra,raster,85.5,59.8,2026-03-03T00:00:00Z,data/raw/benchmarks/toms_modern_2026_1440p.csv
nvidia-rtx-4070-ti-super,gpu,toms_gpu_hierarchy,2026-03,1440p,ultra,raster,116.9,81.7,2026-03-03T00:00:00Z,data/raw/benchmarks/toms_modern_2026_1440p.csv
nvidia-rtx-4080,gpu,toms_gpu_hierarchy,2026-03,1440p,ultra,raster,103.7,72.5,2026-03-03T00:00:00Z,data/raw/benchmarks/toms_modern_2026_1440p.csv
nvidia-rtx-4080-super,gpu,toms_gpu_hierarchy,2026-03,1440p,ultra,raster,105.8,74.0,2026-03-03T00:00:00Z,data/raw/benchmarks/toms_modern_2026_1440p.csv
nvidia-rtx-4090,gpu,toms_gpu_hierarchy,2026-03,1440p,ultra,raster,126.6,88.5,2026-03-03T00:00:00Z,data/raw/benchmarks/toms_modern_2026_1440p.csv
nvidia-rtx-5060,gpu,toms_gpu_hierarchy,2026-03,1440p,ultra,raster,45.7,32.0,2026-03-03T00:00:00Z,data/raw/benchmarks/toms_modern_2026_1440p.csv
nvidia-rtx-5060-ti-16gb,gpu,toms_gpu_hierarchy,2026-03,1440p,ultra,raster,62.3,43.6,2026-03-03T00:00:00Z,data/raw/benchmarks/toms_modern_2026_1440p.csv
nvidia-rtx-5060-ti-8gb,gpu,toms_gpu_hierarchy,2026-03,1440p,ultra,raster,56.0,39.2,2026-03-03T00:00:00Z,data/raw/benchmarks/toms_modern_2026_1440p.csv
nvidia-rtx-5070,gpu,toms_gpu_hierarchy,2026-03,1440p,ultra,raster,81.2,56.8,2026-03-03T00:00:00Z,data/raw/benchmarks/toms_modern_2026_1440p.csv
nvidia-rtx-5070-ti,gpu,toms_gpu_hierarchy,2026-03,1440p,ultra,raster,101.2,70.8,2026-03-03T00:00:00Z,data/raw/benchmarks/toms_modern_2026_1440p.csv
nvidia-rtx-5080,gpu,toms_gpu_hierarchy,2026-03,1440p,ultra,raster,111.7,78.1,2026-03-03T00:00:00Z,data/raw/benchmarks/toms_modern_2026_1440p.csv
nvidia-rtx-5090,gpu,toms_gpu_hierarchy,2026-03,1440p,ultra,raster,143.0,100.0,2026-03-03T00:00:00Z,data/raw/benchmarks/toms_modern_2026_1440p.csv
amd-rx-6600,gpu,toms_gpu_hierarchy,2026-03,1440p,ultra,raster,24.1,16.9,2026-03-03T00:00:00Z,data/raw/benchmarks/toms_modern_2026_1440p.csv
amd-rx-7600,gpu,toms_gpu_hierarchy,2026-03,1440p,ultra,raster,27.9,19.5,2026-03-03T00:00:00Z,data/raw/benchmarks/toms_modern_2026_1440p.csv
amd-rx-7600-xt,gpu,toms_gpu_hierarchy,2026-03,1440p,ultra,raster,41.7,29.2,2026-03-03T00:00:00Z,data/raw/benchmarks/toms_modern_2026_1440p.csv
amd-rx-7700-xt,gpu,toms_gpu_hierarchy,2026-03,1440p,ultra,raster,60.6,42.4,2026-03-03T00:00:00Z,data/raw/benchmarks/toms_modern_2026_1440p.csv
amd-rx-7900-gre,gpu,toms_gpu_hierarchy,2026-03,1440p,ultra,raster,77.5,54.2,2026-03-03T00:00:00Z,data/raw/benchmarks/toms_modern_2026_1440p.csv
amd-rx-7800-xt,gpu,toms_gpu_hierarchy,2026-03,1440p,ultra,raster,69.0,48.3,2026-03-03T00:00:00Z,data/raw/benchmarks/toms_modern_2026_1440p.csv
amd-rx-7900-xt,gpu,toms_gpu_hierarchy,2026-03,1440p,ultra,raster,92.0,64.3,2026-03-03T00:00:00Z,data/raw/benchmarks/toms_modern_2026_1440p.csv
amd-rx-7900-xtx,gpu,toms_gpu_hierarchy,2026-03,1440p,ultra,raster,102.6,71.7,2026-03-03T00:00:00Z,data/raw/benchmarks/toms_modern_2026_1440p.csv
amd-rx-9060-xt,gpu,toms_gpu_hierarchy,2026-03,1440p,ultra,raster,59.4,41.5,2026-03-03T00:00:00Z,data/raw/benchmarks/toms_modern_2026_1440p.csv
amd-rx-9070,gpu,toms_gpu_hierarchy,2026-03,1440p,ultra,raster,86.9,60.8,2026-03-06T00:00:00Z,data/raw/benchmarks/toms_modern_2026_1440p.csv
amd-rx-9070-xt,gpu,toms_gpu_hierarchy,2026-03,1440p,ultra,raster,98.3,68.7,2026-03-03T00:00:00Z,data/raw/benchmarks/toms_modern_2026_1440p.csv
intel-arc-b580,gpu,toms_gpu_hierarchy,2026-03,1440p,ultra,raster,42.6,29.8,2026-03-03T00:00:00Z,data/raw/benchmarks/toms_modern_2026_1440p.csv
intel-arc-a770,gpu,toms_gpu_hierarchy,2026-03,1440p,ultra,raster,36.7,25.7,2026-03-03T00:00:00Z,data/raw/benchmarks/toms_modern_2026_1440p.csv
nvidia-rtx-3060,gpu,toms_gpu_hierarchy,2026-03,1440p,ultra,raster,34.9,24.4,2026-03-03T00:00:00Z,data/raw/benchmarks/toms_modern_2026_1440p.csv
intel-arc-b570,gpu,toms_gpu_hierarchy,2026-03,1440p,ultra,raster,35.3,24.7,2026-03-03T00:00:00Z,data/raw/benchmarks/toms_modern_2026_1440p.csv
intel-arc-a750,gpu,toms_gpu_hierarchy,2026-03,1440p,ultra,raster,30.9,21.6,2026-03-03T00:00:00Z,data/raw/benchmarks/toms_modern_2026_1440p.csv
intel-arc-a580,gpu,toms_gpu_hierarchy,2026-03,1440p,ultra,raster,27.8,19.4,2026-03-03T00:00:00Z,data/raw/benchmarks/toms_modern_2026_1440p.csv
